"Group","Name","Filename","Format","Period","ActorSet","Type","Selected","MissingValues","NonZeroCode"
"data1","Friendship","VRND32T0.DAT","matrix","1","Actors","network","Yes","6 9","1 2 3"
"data1","Friendship","VRND32T1.DAT","matrix","2","Actors","network","Yes","6 9","1 2 3"
"data1","Friendship","VRND32T2.DAT","matrix","3","Actors","network","Yes","6 9","1 2 3"
"data1","Friendship","VRND32T3.DAT","matrix","4","Actors","network","Yes","6 9","1 2 3"
"data1","Friendship","VRND32T4.DAT","matrix","5","Actors","network","Yes","6 9","1 2 3"
"data1","Friendship","VRND32T5.DAT","matrix","6","Actors","network","Yes","6 9","1 2 3"
"data1","Friendship","VRND32T6.DAT","matrix","7","Actors","network","Yes","6 9","1 2 3"
"data1","sex program smoke","VARS.DAT","matrix","1","Actors","constant covariate","Yes","99"
